"ID";"Sex";"Regions";"Periods";"LiveBornChildren_3";"NetMigrationIncludingAdministrative_17"
"305";"T001038";"PV20  ";"1960JJ00";"    8868";"   -1748"
"306";"T001038";"PV20  ";"1961JJ00";"    9062";"   -1087"
"307";"T001038";"PV20  ";"1962JJ00";"    9165";"    -623"
"308";"T001038";"PV20  ";"1963JJ00";"    9518";"     547"
"309";"T001038";"PV20  ";"1964JJ00";"    9671";"     305"
"310";"T001038";"PV20  ";"1965JJ00";"    9632";"    -148"
"311";"T001038";"PV20  ";"1966JJ00";"    9558";"     667"
"312";"T001038";"PV20  ";"1967JJ00";"    9707";"   -1617"
"313";"T001038";"PV20  ";"1968JJ00";"    9366";"   -2358"
"314";"T001038";"PV20  ";"1969JJ00";"   10088";"   -1952"
"315";"T001038";"PV20  ";"1970JJ00";"    9774";"     196"
"316";"T001038";"PV20  ";"1971JJ00";"    9219";"    -203"
"317";"T001038";"PV20  ";"1972JJ00";"    8895";"    -200"
"318";"T001038";"PV20  ";"1973JJ00";"    7776";"    -673"
"319";"T001038";"PV20  ";"1974JJ00";"    7341";"     921"
"320";"T001038";"PV20  ";"1975JJ00";"    6952";"    1751"
"321";"T001038";"PV20  ";"1976JJ00";"    6862";"    2372"
"322";"T001038";"PV20  ";"1977JJ00";"    6624";"    1764"
"323";"T001038";"PV20  ";"1978JJ00";"    6716";"    1924"
"324";"T001038";"PV20  ";"1979JJ00";"    6644";"     793"
"325";"T001038";"PV20  ";"1980JJ00";"    6898";"    1321"
"326";"T001038";"PV20  ";"1981JJ00";"    6730";"     531"
"327";"T001038";"PV20  ";"1982JJ00";"    6648";"      75"
"328";"T001038";"PV20  ";"1983JJ00";"    6449";"    -686"
"329";"T001038";"PV20  ";"1984JJ00";"    6366";"   -1665"
"330";"T001038";"PV20  ";"1985JJ00";"    6537";"   -2203"
"331";"T001038";"PV20  ";"1986JJ00";"    6551";"   -2835"
"332";"T001038";"PV20  ";"1987JJ00";"    6515";"   -2789"
"333";"T001038";"PV20  ";"1988JJ00";"    6298";"   -2743"
"334";"T001038";"PV20  ";"1989JJ00";"    6284";"   -2319"
"335";"T001038";"PV20  ";"1990JJ00";"    6640";"    -541"
"336";"T001038";"PV20  ";"1991JJ00";"    6550";"    -554"
"337";"T001038";"PV20  ";"1992JJ00";"    6199";"    -392"
"338";"T001038";"PV20  ";"1993JJ00";"    6248";"     627"
"339";"T001038";"PV20  ";"1994JJ00";"    6455";"     305"
"340";"T001038";"PV20  ";"1995JJ00";"    6328";"    -888"
"341";"T001038";"PV20  ";"1996JJ00";"    6148";"    -616"
"342";"T001038";"PV20  ";"1997JJ00";"    6336";"    -952"
"343";"T001038";"PV20  ";"1998JJ00";"    6472";"     992"
"344";"T001038";"PV20  ";"1999JJ00";"    6515";"    1706"
"345";"T001038";"PV20  ";"2000JJ00";"    6510";"    2784"
"346";"T001038";"PV20  ";"2001JJ00";"    6626";"    3085"
"347";"T001038";"PV20  ";"2002JJ00";"    6523";"    1472"
"348";"T001038";"PV20  ";"2003JJ00";"    6438";"     288"
"349";"T001038";"PV20  ";"2004JJ00";"    6141";"    -321"
"350";"T001038";"PV20  ";"2005JJ00";"    5943";"   -1831"
"351";"T001038";"PV20  ";"2006JJ00";"    5838";"   -1186"
"352";"T001038";"PV20  ";"2007JJ00";"    5677";"    -999"
"353";"T001038";"PV20  ";"2008JJ00";"    5908";"    -166"
"354";"T001038";"PV20  ";"2009JJ00";"    5910";"    1811"
"355";"T001038";"PV20  ";"2010JJ00";"    5732";"    1968"
"356";"T001038";"PV20  ";"2011JJ00";"    5853";"    1232"
"357";"T001038";"PV20  ";"2012JJ00";"    5604";"     681"
"358";"T001038";"PV20  ";"2013JJ00";"    5326";"    1078"
"359";"T001038";"PV20  ";"2014JJ00";"    5414";"    1131"
"360";"T001038";"PV20  ";"2015JJ00";"    5329";"     -91"
"361";"T001038";"PV20  ";"2016JJ00";"    5406";"      55"
"362";"T001038";"PV20  ";"2017JJ00";"    5092";"     -45"
"363";"T001038";"PV20  ";"2018JJ00";"    4933";"    1744"
"364";"T001038";"PV20  ";"2019JJ00";"    5042";"    2313"
"365";"T001038";"PV20  ";"2020JJ00";"    4956";"    1803"
"366";"T001038";"PV21  ";"1960JJ00";"   10280";"   -4503"
"367";"T001038";"PV21  ";"1961JJ00";"   10412";"   -3215"
"368";"T001038";"PV21  ";"1962JJ00";"   10315";"   -2057"
"369";"T001038";"PV21  ";"1963JJ00";"   10517";"   -2125"
"370";"T001038";"PV21  ";"1964JJ00";"   10653";"   -1572"
"371";"T001038";"PV21  ";"1965JJ00";"   10791";"   -1014"
"372";"T001038";"PV21  ";"1966JJ00";"   10702";"    -675"
"373";"T001038";"PV21  ";"1967JJ00";"   10720";"   -1082"
"374";"T001038";"PV21  ";"1968JJ00";"   10843";"    -838"
"375";"T001038";"PV21  ";"1969JJ00";"   11279";"    -974"
"376";"T001038";"PV21  ";"1970JJ00";"   10826";"    -752"
"377";"T001038";"PV21  ";"1971JJ00";"   10436";"     279"
"378";"T001038";"PV21  ";"1972JJ00";"    9966";"    2039"
"379";"T001038";"PV21  ";"1973JJ00";"    9019";"    4277"
"380";"T001038";"PV21  ";"1974JJ00";"    8407";"    3202"
"381";"T001038";"PV21  ";"1975JJ00";"    8069";"    4211"
"382";"T001038";"PV21  ";"1976JJ00";"    8046";"    2730"
"383";"T001038";"PV21  ";"1977JJ00";"    7676";"    4123"
"384";"T001038";"PV21  ";"1978JJ00";"    7757";"    2904"
"385";"T001038";"PV21  ";"1979JJ00";"    7930";"    2726"
"386";"T001038";"PV21  ";"1980JJ00";"    8384";"    2049"
"387";"T001038";"PV21  ";"1981JJ00";"    8270";"     137"
"388";"T001038";"PV21  ";"1982JJ00";"    7925";"     258"
"389";"T001038";"PV21  ";"1983JJ00";"    7839";"    -653"
"390";"T001038";"PV21  ";"1984JJ00";"    7703";"   -1842"
"391";"T001038";"PV21  ";"1985JJ00";"    7770";"   -1958"
"392";"T001038";"PV21  ";"1986JJ00";"    7899";"   -1510"
"393";"T001038";"PV21  ";"1987JJ00";"    7733";"   -2225"
"394";"T001038";"PV21  ";"1988JJ00";"    7448";"   -1726"
"395";"T001038";"PV21  ";"1989JJ00";"    7594";"   -1961"
"396";"T001038";"PV21  ";"1990JJ00";"    7499";"    -999"
"397";"T001038";"PV21  ";"1991JJ00";"    7842";"    -521"
"398";"T001038";"PV21  ";"1992JJ00";"    7587";"    -198"
"399";"T001038";"PV21  ";"1993JJ00";"    7614";"    1325"
"400";"T001038";"PV21  ";"1994JJ00";"    7467";"     636"
"401";"T001038";"PV21  ";"1995JJ00";"    7555";"     764"
"402";"T001038";"PV21  ";"1996JJ00";"    7424";"    1485"
"403";"T001038";"PV21  ";"1997JJ00";"    7548";"    1171"
"404";"T001038";"PV21  ";"1998JJ00";"    7719";"    1151"
"405";"T001038";"PV21  ";"1999JJ00";"    7799";"    1274"
"406";"T001038";"PV21  ";"2000JJ00";"    8009";"    3678"
"407";"T001038";"PV21  ";"2001JJ00";"    7912";"    3546"
"408";"T001038";"PV21  ";"2002JJ00";"    7987";"    1558"
"409";"T001038";"PV21  ";"2003JJ00";"    7932";"      -2"
"410";"T001038";"PV21  ";"2004JJ00";"    7551";"   -1046"
"411";"T001038";"PV21  ";"2005JJ00";"    7377";"   -2604"
"412";"T001038";"PV21  ";"2006JJ00";"    7233";"   -1435"
"413";"T001038";"PV21  ";"2007JJ00";"    7059";"    -680"
"414";"T001038";"PV21  ";"2008JJ00";"    7026";"      75"
"415";"T001038";"PV21  ";"2009JJ00";"    7109";"     -16"
"416";"T001038";"PV21  ";"2010JJ00";"    7012";"    -478"
"417";"T001038";"PV21  ";"2011JJ00";"    6655";"   -1058"
"418";"T001038";"PV21  ";"2012JJ00";"    6502";"    -979"
"419";"T001038";"PV21  ";"2013JJ00";"    6263";"    -919"
"420";"T001038";"PV21  ";"2014JJ00";"    6310";"    -563"
"421";"T001038";"PV21  ";"2015JJ00";"    6011";"    -173"
"422";"T001038";"PV21  ";"2016JJ00";"    6017";"    1117"
"423";"T001038";"PV21  ";"2017JJ00";"    5967";"     696"
"424";"T001038";"PV21  ";"2018JJ00";"    5779";"    1049"
"425";"T001038";"PV21  ";"2019JJ00";"    5957";"    2586"
"426";"T001038";"PV21  ";"2020JJ00";"    5841";"    2107"
"427";"T001038";"PV22  ";"1960JJ00";"    6766";"   -1238"
"428";"T001038";"PV22  ";"1961JJ00";"    6871";"    -154"
"429";"T001038";"PV22  ";"1962JJ00";"    6774";"     526"
"430";"T001038";"PV22  ";"1963JJ00";"    6913";"     990"
"431";"T001038";"PV22  ";"1964JJ00";"    7078";"    1502"
"432";"T001038";"PV22  ";"1965JJ00";"    7050";"    1487"
"433";"T001038";"PV22  ";"1966JJ00";"    7089";"    1259"
"434";"T001038";"PV22  ";"1967JJ00";"    6983";"    1706"
"435";"T001038";"PV22  ";"1968JJ00";"    7107";"    1505"
"436";"T001038";"PV22  ";"1969JJ00";"    7327";"    2347"
"437";"T001038";"PV22  ";"1970JJ00";"    7268";"    1696"
"438";"T001038";"PV22  ";"1971JJ00";"    6911";"    3238"
"439";"T001038";"PV22  ";"1972JJ00";"    6613";"    3322"
"440";"T001038";"PV22  ";"1973JJ00";"    6085";"    4420"
"441";"T001038";"PV22  ";"1974JJ00";"    5807";"    4532"
"442";"T001038";"PV22  ";"1975JJ00";"    5463";"    3183"
"443";"T001038";"PV22  ";"1976JJ00";"    5411";"    1884"
"444";"T001038";"PV22  ";"1977JJ00";"    5105";"    1261"
"445";"T001038";"PV22  ";"1978JJ00";"    5181";"    1120"
"446";"T001038";"PV22  ";"1979JJ00";"    5042";"     844"
"447";"T001038";"PV22  ";"1980JJ00";"    5352";"    1118"
"448";"T001038";"PV22  ";"1981JJ00";"    5186";"     325"
"449";"T001038";"PV22  ";"1982JJ00";"    4931";"    -357"
"450";"T001038";"PV22  ";"1983JJ00";"    4895";"    1304"
"451";"T001038";"PV22  ";"1984JJ00";"    5038";"     768"
"452";"T001038";"PV22  ";"1985JJ00";"    5234";"    1057"
"453";"T001038";"PV22  ";"1986JJ00";"    5305";"     650"
"454";"T001038";"PV22  ";"1987JJ00";"    5247";"     955"
"455";"T001038";"PV22  ";"1988JJ00";"    5230";"    1189"
"456";"T001038";"PV22  ";"1989JJ00";"    5090";"     773"
"457";"T001038";"PV22  ";"1990JJ00";"    5387";"    1117"
"458";"T001038";"PV22  ";"1991JJ00";"    5350";"     832"
"459";"T001038";"PV22  ";"1992JJ00";"    5250";"    1361"
"460";"T001038";"PV22  ";"1993JJ00";"    5412";"    2000"
"461";"T001038";"PV22  ";"1994JJ00";"    5256";"    2210"
"462";"T001038";"PV22  ";"1995JJ00";"    5305";"    1550"
"463";"T001038";"PV22  ";"1996JJ00";"    5349";"    2174"
"464";"T001038";"PV22  ";"1997JJ00";"    5421";"    2242"
"465";"T001038";"PV22  ";"1998JJ00";"    5640";"    1130"
"466";"T001038";"PV22  ";"1999JJ00";"    5770";"    1259"
"467";"T001038";"PV22  ";"2000JJ00";"    5822";"    3377"
"468";"T001038";"PV22  ";"2001JJ00";"    5842";"    2723"
"469";"T001038";"PV22  ";"2002JJ00";"    5763";"    1390"
"470";"T001038";"PV22  ";"2003JJ00";"    5516";"     -48"
"471";"T001038";"PV22  ";"2004JJ00";"    5320";"    -103"
"472";"T001038";"PV22  ";"2005JJ00";"    5099";"     276"
"473";"T001038";"PV22  ";"2006JJ00";"    5013";"     933"
"474";"T001038";"PV22  ";"2007JJ00";"    4858";"    1382"
"475";"T001038";"PV22  ";"2008JJ00";"    4914";"    1280"
"476";"T001038";"PV22  ";"2009JJ00";"    5022";"     556"
"477";"T001038";"PV22  ";"2010JJ00";"    4750";"     331"
"478";"T001038";"PV22  ";"2011JJ00";"    4616";"    -572"
"479";"T001038";"PV22  ";"2012JJ00";"    4406";"    -455"
"480";"T001038";"PV22  ";"2013JJ00";"    4174";"    -313"
"481";"T001038";"PV22  ";"2014JJ00";"    4302";"    -104"
"482";"T001038";"PV22  ";"2015JJ00";"    4029";"    1010"
"483";"T001038";"PV22  ";"2016JJ00";"    4208";"    4025"
"484";"T001038";"PV22  ";"2017JJ00";"    4191";"    1349"
"485";"T001038";"PV22  ";"2018JJ00";"    3992";"    1440"
"486";"T001038";"PV22  ";"2019JJ00";"    4110";"    2595"
"487";"T001038";"PV22  ";"2020JJ00";"    4135";"    2533"
"488";"T001038";"PV23  ";"1960JJ00";"   17611";"     572"
"489";"T001038";"PV23  ";"1961JJ00";"   17683";"    1003"
"490";"T001038";"PV23  ";"1962JJ00";"   17855";"    -763"
"491";"T001038";"PV23  ";"1963JJ00";"   18747";"    -881"
"492";"T001038";"PV23  ";"1964JJ00";"   19089";"    1096"
"493";"T001038";"PV23  ";"1965JJ00";"   18927";"    1136"
"494";"T001038";"PV23  ";"1966JJ00";"   18432";"    1098"
"495";"T001038";"PV23  ";"1967JJ00";"   18917";"   -3643"
"496";"T001038";"PV23  ";"1968JJ00";"   18872";"    -557"
"497";"T001038";"PV23  ";"1969JJ00";"   19456";"    1722"
"498";"T001038";"PV23  ";"1970JJ00";"   18675";"     854"
"499";"T001038";"PV23  ";"1971JJ00";"   17799";"    2405"
"500";"T001038";"PV23  ";"1972JJ00";"   17039";"    1234"
"501";"T001038";"PV23  ";"1973JJ00";"   15883";"    2289"
"502";"T001038";"PV23  ";"1974JJ00";"   15145";"    2912"
"503";"T001038";"PV23  ";"1975JJ00";"   14476";"    1911"
"504";"T001038";"PV23  ";"1976JJ00";"   14340";"    1156"
"505";"T001038";"PV23  ";"1977JJ00";"   14049";"    1893"
"506";"T001038";"PV23  ";"1978JJ00";"   14213";"    2151"
"507";"T001038";"PV23  ";"1979JJ00";"   14060";"    2456"
"508";"T001038";"PV23  ";"1980JJ00";"   14582";"    2962"
"509";"T001038";"PV23  ";"1981JJ00";"   14237";"    -168"
"510";"T001038";"PV23  ";"1982JJ00";"   13899";"   -1009"
"511";"T001038";"PV23  ";"1983JJ00";"   13761";"   -1637"
"512";"T001038";"PV23  ";"1984JJ00";"   13731";"   -2250"
"513";"T001038";"PV23  ";"1985JJ00";"   14059";"   -1903"
"514";"T001038";"PV23  ";"1986JJ00";"   13472";"     310"
"515";"T001038";"PV23  ";"1987JJ00";"   13550";"     902"
"516";"T001038";"PV23  ";"1988JJ00";"   13243";"     186"
"517";"T001038";"PV23  ";"1989JJ00";"   13480";"     921"
"518";"T001038";"PV23  ";"1990JJ00";"   13922";"     807"
"519";"T001038";"PV23  ";"1991JJ00";"   13679";"    1476"
"520";"T001038";"PV23  ";"1992JJ00";"   13893";"    1720"
"521";"T001038";"PV23  ";"1993JJ00";"   13845";"    1388"
"522";"T001038";"PV23  ";"1994JJ00";"   13853";"    1003"
"523";"T001038";"PV23  ";"1995JJ00";"   13231";"    -197"
"524";"T001038";"PV23  ";"1996JJ00";"   13314";"     -32"
"525";"T001038";"PV23  ";"1997JJ00";"   13533";"    1435"
"526";"T001038";"PV23  ";"1998JJ00";"   14088";"    1967"
"527";"T001038";"PV23  ";"1999JJ00";"   14284";"    2414"
"528";"T001038";"PV23  ";"2000JJ00";"   14924";"    3285"
"529";"T001038";"PV23  ";"2001JJ00";"   14562";"    2646"
"530";"T001038";"PV23  ";"2002JJ00";"   14663";"    1667"
"531";"T001038";"PV23  ";"2003JJ00";"   14857";"    -604"
"532";"T001038";"PV23  ";"2004JJ00";"   14098";"   -1005"
"533";"T001038";"PV23  ";"2005JJ00";"   13942";"    -690"
"534";"T001038";"PV23  ";"2006JJ00";"   13667";"   -1589"
"535";"T001038";"PV23  ";"2007JJ00";"   13368";"   -1074"
"536";"T001038";"PV23  ";"2008JJ00";"   13411";"     913"
"537";"T001038";"PV23  ";"2009JJ00";"   13260";"     757"
"538";"T001038";"PV23  ";"2010JJ00";"   13180";"     233"
"539";"T001038";"PV23  ";"2011JJ00";"   12651";"    -216"
"540";"T001038";"PV23  ";"2012JJ00";"   12367";"   -1263"
"541";"T001038";"PV23  ";"2013JJ00";"   12151";"   -2067"
"542";"T001038";"PV23  ";"2014JJ00";"   12092";"   -1509"
"543";"T001038";"PV23  ";"2015JJ00";"   11765";"    1843"
"544";"T001038";"PV23  ";"2016JJ00";"   11728";"    1837"
"545";"T001038";"PV23  ";"2017JJ00";"   11345";"    2743"
"546";"T001038";"PV23  ";"2018JJ00";"   11178";"    4271"
"547";"T001038";"PV23  ";"2019JJ00";"   11225";"    5286"
"548";"T001038";"PV23  ";"2020JJ00";"   11099";"    4614"
"549";"T001038";"PV24  ";"1960JJ00";"";""
"550";"T001038";"PV24  ";"1961JJ00";"";""
"551";"T001038";"PV24  ";"1962JJ00";"";""
"552";"T001038";"PV24  ";"1963JJ00";"";""
"553";"T001038";"PV24  ";"1964JJ00";"";""
"554";"T001038";"PV24  ";"1965JJ00";"";""
"555";"T001038";"PV24  ";"1966JJ00";"";""
"556";"T001038";"PV24  ";"1967JJ00";"";""
"557";"T001038";"PV24  ";"1968JJ00";"";""
"558";"T001038";"PV24  ";"1969JJ00";"";""
"559";"T001038";"PV24  ";"1970JJ00";"";""
"560";"T001038";"PV24  ";"1971JJ00";"";""
"561";"T001038";"PV24  ";"1972JJ00";"";""
"562";"T001038";"PV24  ";"1973JJ00";"";""
"563";"T001038";"PV24  ";"1974JJ00";"";""
"564";"T001038";"PV24  ";"1975JJ00";"";""
"565";"T001038";"PV24  ";"1976JJ00";"";""
"566";"T001038";"PV24  ";"1977JJ00";"";""
"567";"T001038";"PV24  ";"1978JJ00";"";""
"568";"T001038";"PV24  ";"1979JJ00";"";""
"569";"T001038";"PV24  ";"1980JJ00";"";""
"570";"T001038";"PV24  ";"1981JJ00";"";""
"571";"T001038";"PV24  ";"1982JJ00";"";""
"572";"T001038";"PV24  ";"1983JJ00";"";""
"573";"T001038";"PV24  ";"1984JJ00";"";""
"574";"T001038";"PV24  ";"1985JJ00";"";""
"575";"T001038";"PV24  ";"1986JJ00";"    3357";"    5454"
"576";"T001038";"PV24  ";"1987JJ00";"    3444";"    5745"
"577";"T001038";"PV24  ";"1988JJ00";"    3692";"    6114"
"578";"T001038";"PV24  ";"1989JJ00";"    3506";"    6356"
"579";"T001038";"PV24  ";"1990JJ00";"    3889";"    7155"
"580";"T001038";"PV24  ";"1991JJ00";"    3954";"    8498"
"581";"T001038";"PV24  ";"1992JJ00";"    3948";"    7858"
"582";"T001038";"PV24  ";"1993JJ00";"    4139";"    7389"
"583";"T001038";"PV24  ";"1994JJ00";"    4208";"    5907"
"584";"T001038";"PV24  ";"1995JJ00";"    4144";"    7808"
"585";"T001038";"PV24  ";"1996JJ00";"    4170";"    5901"
"586";"T001038";"PV24  ";"1997JJ00";"    4365";"    8811"
"587";"T001038";"PV24  ";"1998JJ00";"    4785";"   10013"
"588";"T001038";"PV24  ";"1999JJ00";"    4933";"    7435"
"589";"T001038";"PV24  ";"2000JJ00";"    5064";"    8339"
"590";"T001038";"PV24  ";"2001JJ00";"    5330";"    9085"
"591";"T001038";"PV24  ";"2002JJ00";"    5347";"    6083"
"592";"T001038";"PV24  ";"2003JJ00";"    5452";"    4976"
"593";"T001038";"PV24  ";"2004JJ00";"    5302";"    2344"
"594";"T001038";"PV24  ";"2005JJ00";"    5290";"    1456"
"595";"T001038";"PV24  ";"2006JJ00";"    5179";"     468"
"596";"T001038";"PV24  ";"2007JJ00";"    5219";"     982"
"597";"T001038";"PV24  ";"2008JJ00";"    5101";"    1523"
"598";"T001038";"PV24  ";"2009JJ00";"    5292";"    1086"
"599";"T001038";"PV24  ";"2010JJ00";"    5310";"     906"
"600";"T001038";"PV24  ";"2011JJ00";"    5090";"     624"
"601";"T001038";"PV24  ";"2012JJ00";"    4991";"     124"
"602";"T001038";"PV24  ";"2013JJ00";"    4687";"    -998"
"603";"T001038";"PV24  ";"2014JJ00";"    4922";"   -1183"
"604";"T001038";"PV24  ";"2015JJ00";"    4735";"    -210"
"605";"T001038";"PV24  ";"2016JJ00";"    4706";"    1415"
"606";"T001038";"PV24  ";"2017JJ00";"    4565";"    1582"
"607";"T001038";"PV24  ";"2018JJ00";"    4793";"    2581"
"608";"T001038";"PV24  ";"2019JJ00";"    4892";"    4073"
"609";"T001038";"PV24  ";"2020JJ00";"    4871";"    3066"
"610";"T001038";"PV25  ";"1960JJ00";"   27407";"    3072"
"611";"T001038";"PV25  ";"1961JJ00";"   28840";"    7563"
"612";"T001038";"PV25  ";"1962JJ00";"   29015";"    7261"
"613";"T001038";"PV25  ";"1963JJ00";"   29133";"    5484"
"614";"T001038";"PV25  ";"1964JJ00";"   29305";"    6147"
"615";"T001038";"PV25  ";"1965JJ00";"   28845";"    8073"
"616";"T001038";"PV25  ";"1966JJ00";"   28995";"    7112"
"617";"T001038";"PV25  ";"1967JJ00";"   28771";"    4999"
"618";"T001038";"PV25  ";"1968JJ00";"   28918";"    6493"
"619";"T001038";"PV25  ";"1969JJ00";"   30400";"    8283"
"620";"T001038";"PV25  ";"1970JJ00";"   29751";"   11208"
"621";"T001038";"PV25  ";"1971JJ00";"   28079";"    9713"
"622";"T001038";"PV25  ";"1972JJ00";"   26425";"    8864"
"623";"T001038";"PV25  ";"1973JJ00";"   24510";"    9808"
"624";"T001038";"PV25  ";"1974JJ00";"   23349";"    9211"
"625";"T001038";"PV25  ";"1975JJ00";"   22161";"   10137"
"626";"T001038";"PV25  ";"1976JJ00";"   22076";"    4868"
"627";"T001038";"PV25  ";"1977JJ00";"   21664";"    6093"
"628";"T001038";"PV25  ";"1978JJ00";"   21597";"    4438"
"629";"T001038";"PV25  ";"1979JJ00";"   21543";"    5323"
"630";"T001038";"PV25  ";"1980JJ00";"   22154";"    5712"
"631";"T001038";"PV25  ";"1981JJ00";"   21451";"    2177"
"632";"T001038";"PV25  ";"1982JJ00";"   20980";"    1092"
"633";"T001038";"PV25  ";"1983JJ00";"   20622";"    1682"
"634";"T001038";"PV25  ";"1984JJ00";"   21023";"    2828"
"635";"T001038";"PV25  ";"1985JJ00";"   21327";"    4740"
"636";"T001038";"PV25  ";"1986JJ00";"   22482";"    2975"
"637";"T001038";"PV25  ";"1987JJ00";"   22528";"    3601"
"638";"T001038";"PV25  ";"1988JJ00";"   22522";"    3405"
"639";"T001038";"PV25  ";"1989JJ00";"   22836";"    2188"
"640";"T001038";"PV25  ";"1990JJ00";"   23891";"    4349"
"641";"T001038";"PV25  ";"1991JJ00";"   24190";"    3305"
"642";"T001038";"PV25  ";"1992JJ00";"   23548";"    3349"
"643";"T001038";"PV25  ";"1993JJ00";"   23620";"    4762"
"644";"T001038";"PV25  ";"1994JJ00";"   23792";"    5297"
"645";"T001038";"PV25  ";"1995JJ00";"   23312";"    4458"
"646";"T001038";"PV25  ";"1996JJ00";"   23171";"    2856"
"647";"T001038";"PV25  ";"1997JJ00";"   23461";"    2844"
"648";"T001038";"PV25  ";"1998JJ00";"   24425";"    3188"
"649";"T001038";"PV25  ";"1999JJ00";"   24508";"    4594"
"650";"T001038";"PV25  ";"2000JJ00";"   25370";"    6378"
"651";"T001038";"PV25  ";"2001JJ00";"   24626";"    6423"
"652";"T001038";"PV25  ";"2002JJ00";"   24826";"    3406"
"653";"T001038";"PV25  ";"2003JJ00";"   24271";"    -643"
"654";"T001038";"PV25  ";"2004JJ00";"   23235";"   -2279"
"655";"T001038";"PV25  ";"2005JJ00";"   22202";"   -2100"
"656";"T001038";"PV25  ";"2006JJ00";"   22213";"   -3012"
"657";"T001038";"PV25  ";"2007JJ00";"   21191";"    -687"
"658";"T001038";"PV25  ";"2008JJ00";"   21695";"    1361"
"659";"T001038";"PV25  ";"2009JJ00";"   21350";"    2622"
"660";"T001038";"PV25  ";"2010JJ00";"   21142";"    1450"
"661";"T001038";"PV25  ";"2011JJ00";"   20557";"    2066"
"662";"T001038";"PV25  ";"2012JJ00";"   19835";"    2479"
"663";"T001038";"PV25  ";"2013JJ00";"   19683";"    1517"
"664";"T001038";"PV25  ";"2014JJ00";"   19851";"    4022"
"665";"T001038";"PV25  ";"2015JJ00";"   19525";"    7100"
"666";"T001038";"PV25  ";"2016JJ00";"   19499";"   11224"
"667";"T001038";"PV25  ";"2017JJ00";"   19534";"   11378"
"668";"T001038";"PV25  ";"2018JJ00";"   19347";"   11513"
"669";"T001038";"PV25  ";"2019JJ00";"   19426";"   13640"
"670";"T001038";"PV25  ";"2020JJ00";"   19885";"   11757"
"671";"T001038";"PV26  ";"1960JJ00";"   14257";"     652"
"672";"T001038";"PV26  ";"1961JJ00";"   14876";"    1652"
"673";"T001038";"PV26  ";"1962JJ00";"   14708";"    2755"
"674";"T001038";"PV26  ";"1963JJ00";"   15053";"    2626"
"675";"T001038";"PV26  ";"1964JJ00";"   15207";"    3892"
"676";"T001038";"PV26  ";"1965JJ00";"   14970";"    3568"
"677";"T001038";"PV26  ";"1966JJ00";"   14550";"    3953"
"678";"T001038";"PV26  ";"1967JJ00";"   14623";"    2590"
"679";"T001038";"PV26  ";"1968JJ00";"   14723";"    7636"
"680";"T001038";"PV26  ";"1969JJ00";"   15912";"    7645"
"681";"T001038";"PV26  ";"1970JJ00";"   15111";"    2620"
"682";"T001038";"PV26  ";"1971JJ00";"   14390";"    3282"
"683";"T001038";"PV26  ";"1972JJ00";"   13517";"    4753"
"684";"T001038";"PV26  ";"1973JJ00";"   12270";"    5420"
"685";"T001038";"PV26  ";"1974JJ00";"   11575";"    3572"
"686";"T001038";"PV26  ";"1975JJ00";"   11229";"    6455"
"687";"T001038";"PV26  ";"1976JJ00";"   11142";"    1718"
"688";"T001038";"PV26  ";"1977JJ00";"   10849";"     815"
"689";"T001038";"PV26  ";"1978JJ00";"   11046";"    2999"
"690";"T001038";"PV26  ";"1979JJ00";"   11165";"    5326"
"691";"T001038";"PV26  ";"1980JJ00";"   11606";"    7629"
"692";"T001038";"PV26  ";"1981JJ00";"   11625";"    4380"
"693";"T001038";"PV26  ";"1982JJ00";"   11203";"    2365"
"694";"T001038";"PV26  ";"1983JJ00";"   11296";"    2053"
"695";"T001038";"PV26  ";"1984JJ00";"   11758";"    2494"
"696";"T001038";"PV26  ";"1985JJ00";"   11797";"    3740"
"697";"T001038";"PV26  ";"1986JJ00";"   12588";"    4703"
"698";"T001038";"PV26  ";"1987JJ00";"   12733";"    6264"
"699";"T001038";"PV26  ";"1988JJ00";"   12845";"    5622"
"700";"T001038";"PV26  ";"1989JJ00";"   13669";"    5503"
"701";"T001038";"PV26  ";"1990JJ00";"   14149";"    5462"
"702";"T001038";"PV26  ";"1991JJ00";"   14371";"    4498"
"703";"T001038";"PV26  ";"1992JJ00";"   14369";"    3661"
"704";"T001038";"PV26  ";"1993JJ00";"   14318";"    3515"
"705";"T001038";"PV26  ";"1994JJ00";"   14141";"    1504"
"706";"T001038";"PV26  ";"1995JJ00";"   13930";"    1911"
"707";"T001038";"PV26  ";"1996JJ00";"   14186";"    3529"
"708";"T001038";"PV26  ";"1997JJ00";"   14359";"    3055"
"709";"T001038";"PV26  ";"1998JJ00";"   15030";"    3881"
"710";"T001038";"PV26  ";"1999JJ00";"   15370";"    2731"
"711";"T001038";"PV26  ";"2000JJ00";"   16080";"    3025"
"712";"T001038";"PV26  ";"2001JJ00";"   15807";"    4197"
"713";"T001038";"PV26  ";"2002JJ00";"   16101";"    5196"
"714";"T001038";"PV26  ";"2003JJ00";"   16222";"    2292"
"715";"T001038";"PV26  ";"2004JJ00";"   15771";"    1709"
"716";"T001038";"PV26  ";"2005JJ00";"   15395";"    1537"
"717";"T001038";"PV26  ";"2006JJ00";"   15423";"    3509"
"718";"T001038";"PV26  ";"2007JJ00";"   15453";"    3177"
"719";"T001038";"PV26  ";"2008JJ00";"   15456";"    2371"
"720";"T001038";"PV26  ";"2009JJ00";"   15462";"    2796"
"721";"T001038";"PV26  ";"2010JJ00";"   15429";"    1222"
"722";"T001038";"PV26  ";"2011JJ00";"   14829";"    2342"
"723";"T001038";"PV26  ";"2012JJ00";"   14878";"    2275"
"724";"T001038";"PV26  ";"2013JJ00";"   14313";"    3115"
"725";"T001038";"PV26  ";"2014JJ00";"   14821";"    4138"
"726";"T001038";"PV26  ";"2015JJ00";"   14371";"    5156"
"727";"T001038";"PV26  ";"2016JJ00";"   14465";"    6018"
"728";"T001038";"PV26  ";"2017JJ00";"   14532";"    6162"
"729";"T001038";"PV26  ";"2018JJ00";"   14354";"    6946"
"730";"T001038";"PV26  ";"2019JJ00";"   14935";"    7962"
"731";"T001038";"PV26  ";"2020JJ00";"   14776";"    2758"
"732";"T001038";"PV27  ";"1960JJ00";"   38694";"   -3032"
"733";"T001038";"PV27  ";"1961JJ00";"   40262";"    2108"
"734";"T001038";"PV27  ";"1962JJ00";"   40294";"    2917"
"735";"T001038";"PV27  ";"1963JJ00";"   40945";"   -1185"
"736";"T001038";"PV27  ";"1964JJ00";"   41035";"   -4695"
"737";"T001038";"PV27  ";"1965JJ00";"   38921";"   -1696"
"738";"T001038";"PV27  ";"1966JJ00";"   37855";"     535"
"739";"T001038";"PV27  ";"1967JJ00";"   37516";"   -3039"
"740";"T001038";"PV27  ";"1968JJ00";"   37233";"   -2874"
"741";"T001038";"PV27  ";"1969JJ00";"   38444";"   -3315"
"742";"T001038";"PV27  ";"1970JJ00";"   36691";"     -31"
"743";"T001038";"PV27  ";"1971JJ00";"   35252";"    -876"
"744";"T001038";"PV27  ";"1972JJ00";"   33298";"   -1852"
"745";"T001038";"PV27  ";"1973JJ00";"   29983";"   -9551"
"746";"T001038";"PV27  ";"1974JJ00";"   28327";"   -4680"
"747";"T001038";"PV27  ";"1975JJ00";"   27224";"    4866"
"748";"T001038";"PV27  ";"1976JJ00";"   26987";"   -1013"
"749";"T001038";"PV27  ";"1977JJ00";"   26598";"   -7031"
"750";"T001038";"PV27  ";"1978JJ00";"   26783";"   -6807"
"751";"T001038";"PV27  ";"1979JJ00";"   26333";"    2334"
"752";"T001038";"PV27  ";"1980JJ00";"   27360";"     733"
"753";"T001038";"PV27  ";"1981JJ00";"   26519";"   -9615"
"754";"T001038";"PV27  ";"1982JJ00";"   25615";"   -9314"
"755";"T001038";"PV27  ";"1983JJ00";"   25271";"   -5456"
"756";"T001038";"PV27  ";"1984JJ00";"   26067";"   -1417"
"757";"T001038";"PV27  ";"1985JJ00";"   26875";"    5177"
"758";"T001038";"PV27  ";"1986JJ00";"   27659";"    5251"
"759";"T001038";"PV27  ";"1987JJ00";"   28804";"   10694"
"760";"T001038";"PV27  ";"1988JJ00";"   29279";"    4453"
"761";"T001038";"PV27  ";"1989JJ00";"   29774";"    2820"
"762";"T001038";"PV27  ";"1990JJ00";"   31372";"   11440"
"763";"T001038";"PV27  ";"1991JJ00";"   31489";"   14736"
"764";"T001038";"PV27  ";"1992JJ00";"   31590";"    8693"
"765";"T001038";"PV27  ";"1993JJ00";"   31586";"    8547"
"766";"T001038";"PV27  ";"1994JJ00";"   31541";"   -1931"
"767";"T001038";"PV27  ";"1995JJ00";"   30641";"   -4014"
"768";"T001038";"PV27  ";"1996JJ00";"   30329";"   -2685"
"769";"T001038";"PV27  ";"1997JJ00";"   31053";"    1377"
"770";"T001038";"PV27  ";"1998JJ00";"   32266";"    6128"
"771";"T001038";"PV27  ";"1999JJ00";"   32291";"    4098"
"772";"T001038";"PV27  ";"2000JJ00";"   33618";"    4454"
"773";"T001038";"PV27  ";"2001JJ00";"   32953";"    4139"
"774";"T001038";"PV27  ";"2002JJ00";"   32771";"    3068"
"775";"T001038";"PV27  ";"2003JJ00";"   32877";"    1307"
"776";"T001038";"PV27  ";"2004JJ00";"   32270";"    -240"
"777";"T001038";"PV27  ";"2005JJ00";"   31706";"   -3938"
"778";"T001038";"PV27  ";"2006JJ00";"   30456";"   -4185"
"779";"T001038";"PV27  ";"2007JJ00";"   30510";"    2571"
"780";"T001038";"PV27  ";"2008JJ00";"   30845";"    9710"
"781";"T001038";"PV27  ";"2009JJ00";"   31355";"   10958"
"782";"T001038";"PV27  ";"2010JJ00";"   31593";"   11882"
"783";"T001038";"PV27  ";"2011JJ00";"   30336";"    8815"
"784";"T001038";"PV27  ";"2012JJ00";"   29791";"    6759"
"785";"T001038";"PV27  ";"2013JJ00";"   29312";"    9595"
"786";"T001038";"PV27  ";"2014JJ00";"   29959";"   12106"
"787";"T001038";"PV27  ";"2015JJ00";"   29509";"   16392"
"788";"T001038";"PV27  ";"2016JJ00";"   29876";"   18068"
"789";"T001038";"PV27  ";"2017JJ00";"   29393";"   15255"
"790";"T001038";"PV27  ";"2018JJ00";"   29253";"   16447"
"791";"T001038";"PV27  ";"2019JJ00";"   29254";"   20049"
"792";"T001038";"PV27  ";"2020JJ00";"   29031";"    5517"
"793";"T001038";"PV28  ";"1960JJ00";"   52036";"   -3114"
"794";"T001038";"PV28  ";"1961JJ00";"   54114";"   -3468"
"795";"T001038";"PV28  ";"1962JJ00";"   53833";"     -31"
"796";"T001038";"PV28  ";"1963JJ00";"   55295";"   -2173"
"797";"T001038";"PV28  ";"1964JJ00";"   54855";"   -2590"
"798";"T001038";"PV28  ";"1965JJ00";"   53426";"   -1507"
"799";"T001038";"PV28  ";"1966JJ00";"   51201";"    -272"
"800";"T001038";"PV28  ";"1967JJ00";"   51184";"   -6946"
"801";"T001038";"PV28  ";"1968JJ00";"   50898";"   -4738"
"802";"T001038";"PV28  ";"1969JJ00";"   53515";"   -2767"
"803";"T001038";"PV28  ";"1970JJ00";"   52061";"    1298"
"804";"T001038";"PV28  ";"1971JJ00";"   49566";"   -1528"
"805";"T001038";"PV28  ";"1972JJ00";"   46000";"  -13327"
"806";"T001038";"PV28  ";"1973JJ00";"   41529";"  -15534"
"807";"T001038";"PV28  ";"1974JJ00";"   39712";"   -8026"
"808";"T001038";"PV28  ";"1975JJ00";"   38114";"   13097"
"809";"T001038";"PV28  ";"1976JJ00";"   37873";"   -9240"
"810";"T001038";"PV28  ";"1977JJ00";"   37418";"   -8179"
"811";"T001038";"PV28  ";"1978JJ00";"   38030";"   -1041"
"812";"T001038";"PV28  ";"1979JJ00";"   37887";"    8311"
"813";"T001038";"PV28  ";"1980JJ00";"   39581";"   10365"
"814";"T001038";"PV28  ";"1981JJ00";"   39668";"    1918"
"815";"T001038";"PV28  ";"1982JJ00";"   37605";"   -1934"
"816";"T001038";"PV28  ";"1983JJ00";"   37637";"   -1352"
"817";"T001038";"PV28  ";"1984JJ00";"   38823";"     499"
"818";"T001038";"PV28  ";"1985JJ00";"   39465";"    6959"
"819";"T001038";"PV28  ";"1986JJ00";"   41238";"    8861"
"820";"T001038";"PV28  ";"1987JJ00";"   41531";"    8364"
"821";"T001038";"PV28  ";"1988JJ00";"   42017";"    6434"
"822";"T001038";"PV28  ";"1989JJ00";"   42030";"    6428"
"823";"T001038";"PV28  ";"1990JJ00";"   44043";"   10675"
"824";"T001038";"PV28  ";"1991JJ00";"   44312";"   10939"
"825";"T001038";"PV28  ";"1992JJ00";"   43495";"    9517"
"826";"T001038";"PV28  ";"1993JJ00";"   43003";"    5696"
"827";"T001038";"PV28  ";"1994JJ00";"   42598";"   -1589"
"828";"T001038";"PV28  ";"1995JJ00";"   41013";"   -3387"
"829";"T001038";"PV28  ";"1996JJ00";"   40841";"      77"
"830";"T001038";"PV28  ";"1997JJ00";"   41642";"    2620"
"831";"T001038";"PV28  ";"1998JJ00";"   42761";"    7375"
"832";"T001038";"PV28  ";"1999JJ00";"   43050";"    6434"
"833";"T001038";"PV28  ";"2000JJ00";"   44022";"    9579"
"834";"T001038";"PV28  ";"2001JJ00";"   43416";"    8792"
"835";"T001038";"PV28  ";"2002JJ00";"   43195";"    3249"
"836";"T001038";"PV28  ";"2003JJ00";"   42563";"   -1431"
"837";"T001038";"PV28  ";"2004JJ00";"   42046";"   -7560"
"838";"T001038";"PV28  ";"2005JJ00";"   40691";"  -11922"
"839";"T001038";"PV28  ";"2006JJ00";"   40354";"  -16599"
"840";"T001038";"PV28  ";"2007JJ00";"   39465";"   -5530"
"841";"T001038";"PV28  ";"2008JJ00";"   40983";"    6187"
"842";"T001038";"PV28  ";"2009JJ00";"   41087";"   10259"
"843";"T001038";"PV28  ";"2010JJ00";"   41387";"   10260"
"844";"T001038";"PV28  ";"2011JJ00";"   41408";"   10994"
"845";"T001038";"PV28  ";"2012JJ00";"   40814";"      52"
"846";"T001038";"PV28  ";"2013JJ00";"   39350";"    2884"
"847";"T001038";"PV28  ";"2014JJ00";"   40779";"   10953"
"848";"T001038";"PV28  ";"2015JJ00";"   39337";"   13457"
"849";"T001038";"PV28  ";"2016JJ00";"   40155";"   18680"
"850";"T001038";"PV28  ";"2017JJ00";"   39428";"   22523"
"851";"T001038";"PV28  ";"2018JJ00";"   39316";"   20612"
"852";"T001038";"PV28  ";"2019JJ00";"   39290";"   26509"
"853";"T001038";"PV28  ";"2020JJ00";"   38598";"   13696"
"854";"T001038";"PV29  ";"1960JJ00";"    5392";"   -2680"
"855";"T001038";"PV29  ";"1961JJ00";"    5316";"   -2277"
"856";"T001038";"PV29  ";"1962JJ00";"    5119";"   -1523"
"857";"T001038";"PV29  ";"1963JJ00";"    5537";"    -962"
"858";"T001038";"PV29  ";"1964JJ00";"    5521";"    -212"
"859";"T001038";"PV29  ";"1965JJ00";"    5324";"    -443"
"860";"T001038";"PV29  ";"1966JJ00";"    5305";"     647"
"861";"T001038";"PV29  ";"1967JJ00";"    5361";"     534"
"862";"T001038";"PV29  ";"1968JJ00";"    5490";"     807"
"863";"T001038";"PV29  ";"1969JJ00";"    5890";"     946"
"864";"T001038";"PV29  ";"1970JJ00";"    5530";"    2041"
"865";"T001038";"PV29  ";"1971JJ00";"    5528";"    3118"
"866";"T001038";"PV29  ";"1972JJ00";"    5092";"    1376"
"867";"T001038";"PV29  ";"1973JJ00";"    4870";"    1706"
"868";"T001038";"PV29  ";"1974JJ00";"    4526";"    2199"
"869";"T001038";"PV29  ";"1975JJ00";"    4344";"    4625"
"870";"T001038";"PV29  ";"1976JJ00";"    4363";"    2240"
"871";"T001038";"PV29  ";"1977JJ00";"    4238";"    3248"
"872";"T001038";"PV29  ";"1978JJ00";"    4375";"    3107"
"873";"T001038";"PV29  ";"1979JJ00";"    4318";"    2746"
"874";"T001038";"PV29  ";"1980JJ00";"    4654";"    1927"
"875";"T001038";"PV29  ";"1981JJ00";"    4521";"     893"
"876";"T001038";"PV29  ";"1982JJ00";"    4572";"    -223"
"877";"T001038";"PV29  ";"1983JJ00";"    4302";"    -300"
"878";"T001038";"PV29  ";"1984JJ00";"    4373";"   -1185"
"879";"T001038";"PV29  ";"1985JJ00";"    4390";"    -727"
"880";"T001038";"PV29  ";"1986JJ00";"    4505";"   -1256"
"881";"T001038";"PV29  ";"1987JJ00";"    4278";"    -959"
"882";"T001038";"PV29  ";"1988JJ00";"    4209";"    -741"
"883";"T001038";"PV29  ";"1989JJ00";"    4240";"    -311"
"884";"T001038";"PV29  ";"1990JJ00";"    4504";"     362"
"885";"T001038";"PV29  ";"1991JJ00";"    4502";"     641"
"886";"T001038";"PV29  ";"1992JJ00";"    4554";"     925"
"887";"T001038";"PV29  ";"1993JJ00";"    4377";"    1920"
"888";"T001038";"PV29  ";"1994JJ00";"    4515";"     863"
"889";"T001038";"PV29  ";"1995JJ00";"    4353";"     703"
"890";"T001038";"PV29  ";"1996JJ00";"    4396";"     244"
"891";"T001038";"PV29  ";"1997JJ00";"    4365";"     681"
"892";"T001038";"PV29  ";"1998JJ00";"    4429";"     -84"
"893";"T001038";"PV29  ";"1999JJ00";"    4320";"     589"
"894";"T001038";"PV29  ";"2000JJ00";"    4489";"    2231"
"895";"T001038";"PV29  ";"2001JJ00";"    4320";"    1598"
"896";"T001038";"PV29  ";"2002JJ00";"    4245";"     615"
"897";"T001038";"PV29  ";"2003JJ00";"    4199";"      23"
"898";"T001038";"PV29  ";"2004JJ00";"    4088";"     417"
"899";"T001038";"PV29  ";"2005JJ00";"    3913";"     -94"
"900";"T001038";"PV29  ";"2006JJ00";"    3817";"      56"
"901";"T001038";"PV29  ";"2007JJ00";"    3751";"    -187"
"902";"T001038";"PV29  ";"2008JJ00";"    3907";"      20"
"903";"T001038";"PV29  ";"2009JJ00";"    3728";"     150"
"904";"T001038";"PV29  ";"2010JJ00";"    3697";"     193"
"905";"T001038";"PV29  ";"2011JJ00";"    3762";"    -219"
"906";"T001038";"PV29  ";"2012JJ00";"    3635";"    -199"
"907";"T001038";"PV29  ";"2013JJ00";"    3513";"    -146"
"908";"T001038";"PV29  ";"2014JJ00";"    3647";"     -12"
"909";"T001038";"PV29  ";"2015JJ00";"    3604";"     850"
"910";"T001038";"PV29  ";"2016JJ00";"    3459";"     741"
"911";"T001038";"PV29  ";"2017JJ00";"    3439";"    1263"
"912";"T001038";"PV29  ";"2018JJ00";"    3378";"    1377"
"913";"T001038";"PV29  ";"2019JJ00";"    3422";"     966"
"914";"T001038";"PV29  ";"2020JJ00";"    3424";"    2638"
"915";"T001038";"PV30  ";"1960JJ00";"   35677";"    1973"
"916";"T001038";"PV30  ";"1961JJ00";"   37126";"    3339"
"917";"T001038";"PV30  ";"1962JJ00";"   36891";"    5445"
"918";"T001038";"PV30  ";"1963JJ00";"   37250";"    4244"
"919";"T001038";"PV30  ";"1964JJ00";"   37822";"    5780"
"920";"T001038";"PV30  ";"1965JJ00";"   37103";"    5929"
"921";"T001038";"PV30  ";"1966JJ00";"   35993";"    5691"
"922";"T001038";"PV30  ";"1967JJ00";"   35550";"     271"
"923";"T001038";"PV30  ";"1968JJ00";"   35258";"    5280"
"924";"T001038";"PV30  ";"1969JJ00";"   36628";"    9485"
"925";"T001038";"PV30  ";"1970JJ00";"   35335";"    8844"
"926";"T001038";"PV30  ";"1971JJ00";"   33225";"   10060"
"927";"T001038";"PV30  ";"1972JJ00";"   31692";"   10744"
"928";"T001038";"PV30  ";"1973JJ00";"   29069";"   14464"
"929";"T001038";"PV30  ";"1974JJ00";"   28210";"   14979"
"930";"T001038";"PV30  ";"1975JJ00";"   26749";"   12996"
"931";"T001038";"PV30  ";"1976JJ00";"   26828";"   10519"
"932";"T001038";"PV30  ";"1977JJ00";"   26294";"    7274"
"933";"T001038";"PV30  ";"1978JJ00";"   26523";"    6660"
"934";"T001038";"PV30  ";"1979JJ00";"   26462";"    7318"
"935";"T001038";"PV30  ";"1980JJ00";"   26924";"    7512"
"936";"T001038";"PV30  ";"1981JJ00";"   26445";"    1261"
"937";"T001038";"PV30  ";"1982JJ00";"   25109";"   -2264"
"938";"T001038";"PV30  ";"1983JJ00";"   24371";"    -859"
"939";"T001038";"PV30  ";"1984JJ00";"   25264";"    -514"
"940";"T001038";"PV30  ";"1985JJ00";"   25933";"     782"
"941";"T001038";"PV30  ";"1986JJ00";"   26723";"    3729"
"942";"T001038";"PV30  ";"1987JJ00";"   27308";"    4687"
"943";"T001038";"PV30  ";"1988JJ00";"   26878";"    4915"
"944";"T001038";"PV30  ";"1989JJ00";"   27596";"    5559"
"945";"T001038";"PV30  ";"1990JJ00";"   28974";"    6689"
"946";"T001038";"PV30  ";"1991JJ00";"   28941";"    4076"
"947";"T001038";"PV30  ";"1992JJ00";"   29269";"    5894"
"948";"T001038";"PV30  ";"1993JJ00";"   28681";"    5245"
"949";"T001038";"PV30  ";"1994JJ00";"   29085";"    4711"
"950";"T001038";"PV30  ";"1995JJ00";"   28227";"    4126"
"951";"T001038";"PV30  ";"1996JJ00";"   28093";"    3423"
"952";"T001038";"PV30  ";"1997JJ00";"   28376";"    4745"
"953";"T001038";"PV30  ";"1998JJ00";"   29348";"    8014"
"954";"T001038";"PV30  ";"1999JJ00";"   29392";"    7659"
"955";"T001038";"PV30  ";"2000JJ00";"   30476";"    7220"
"956";"T001038";"PV30  ";"2001JJ00";"   29325";"    5215"
"957";"T001038";"PV30  ";"2002JJ00";"   29178";"   -1040"
"958";"T001038";"PV30  ";"2003JJ00";"   28780";"   -3402"
"959";"T001038";"PV30  ";"2004JJ00";"   27432";"   -4918"
"960";"T001038";"PV30  ";"2005JJ00";"   26301";"   -3194"
"961";"T001038";"PV30  ";"2006JJ00";"   26007";"   -4403"
"962";"T001038";"PV30  ";"2007JJ00";"   25327";"   -1272"
"963";"T001038";"PV30  ";"2008JJ00";"   25987";"    2624"
"964";"T001038";"PV30  ";"2009JJ00";"   25599";"    2877"
"965";"T001038";"PV30  ";"2010JJ00";"   25545";"    4070"
"966";"T001038";"PV30  ";"2011JJ00";"   25015";"    4180"
"967";"T001038";"PV30  ";"2012JJ00";"   24027";"    3691"
"968";"T001038";"PV30  ";"2013JJ00";"   23558";"    5198"
"969";"T001038";"PV30  ";"2014JJ00";"   24243";"    6063"
"970";"T001038";"PV30  ";"2015JJ00";"   23556";"    8366"
"971";"T001038";"PV30  ";"2016JJ00";"   24007";"   12149"
"972";"T001038";"PV30  ";"2017JJ00";"   23529";"   15024"
"973";"T001038";"PV30  ";"2018JJ00";"   23492";"   16233"
"974";"T001038";"PV30  ";"2019JJ00";"   23459";"   17606"
"975";"T001038";"PV30  ";"2020JJ00";"   23413";"   14179"
"976";"T001038";"PV31  ";"1960JJ00";"   20622";"   -2461"
"977";"T001038";"PV31  ";"1961JJ00";"   21213";"    1761"
"978";"T001038";"PV31  ";"1962JJ00";"   20618";"    2672"
"979";"T001038";"PV31  ";"1963JJ00";"   20657";"     972"
"980";"T001038";"PV31  ";"1964JJ00";"   20342";"    2486"
"981";"T001038";"PV31  ";"1965JJ00";"   19822";"    1939"
"982";"T001038";"PV31  ";"1966JJ00";"   19499";"   -1163"
"983";"T001038";"PV31  ";"1967JJ00";"   18844";"   -6452"
"984";"T001038";"PV31  ";"1968JJ00";"   17900";"   -6155"
"985";"T001038";"PV31  ";"1969JJ00";"   18044";"   -2836"
"986";"T001038";"PV31  ";"1970JJ00";"   17291";"    3845"
"987";"T001038";"PV31  ";"1971JJ00";"   16081";"    1311"
"988";"T001038";"PV31  ";"1972JJ00";"   14937";"     772"
"989";"T001038";"PV31  ";"1973JJ00";"   13350";"    2169"
"990";"T001038";"PV31  ";"1974JJ00";"   12916";"      80"
"991";"T001038";"PV31  ";"1975JJ00";"   12331";"    3384"
"992";"T001038";"PV31  ";"1976JJ00";"   12259";"    -251"
"993";"T001038";"PV31  ";"1977JJ00";"   11829";"    1183"
"994";"T001038";"PV31  ";"1978JJ00";"   12202";"     359"
"995";"T001038";"PV31  ";"1979JJ00";"   12314";"    -899"
"996";"T001038";"PV31  ";"1980JJ00";"   12349";"      18"
"997";"T001038";"PV31  ";"1981JJ00";"   12222";"    -244"
"998";"T001038";"PV31  ";"1982JJ00";"   11677";"    -167"
"999";"T001038";"PV31  ";"1983JJ00";"   11664";"    -418"
"1000";"T001038";"PV31  ";"1984JJ00";"   12045";"   -1311"
"1001";"T001038";"PV31  ";"1985JJ00";"   12332";"    -784"
"1002";"T001038";"PV31  ";"1986JJ00";"   12724";"    -338"
"1003";"T001038";"PV31  ";"1987JJ00";"   12989";"    -206"
"1004";"T001038";"PV31  ";"1988JJ00";"   12979";"      85"
"1005";"T001038";"PV31  ";"1989JJ00";"   12875";"     724"
"1006";"T001038";"PV31  ";"1990JJ00";"   13690";"    1690"
"1007";"T001038";"PV31  ";"1991JJ00";"   13479";"    1559"
"1008";"T001038";"PV31  ";"1992JJ00";"   13029";"     954"
"1009";"T001038";"PV31  ";"1993JJ00";"   12899";"    2285"
"1010";"T001038";"PV31  ";"1994JJ00";"   12700";"    1627"
"1011";"T001038";"PV31  ";"1995JJ00";"   12474";"    1070"
"1012";"T001038";"PV31  ";"1996JJ00";"   12100";"     448"
"1013";"T001038";"PV31  ";"1997JJ00";"   11984";"    -142"
"1014";"T001038";"PV31  ";"1998JJ00";"   12445";"    -637"
"1015";"T001038";"PV31  ";"1999JJ00";"   12213";"     179"
"1016";"T001038";"PV31  ";"2000JJ00";"   12235";"    -477"
"1017";"T001038";"PV31  ";"2001JJ00";"   11884";"    -611"
"1018";"T001038";"PV31  ";"2002JJ00";"   11484";"   -2332"
"1019";"T001038";"PV31  ";"2003JJ00";"   11190";"   -3073"
"1020";"T001038";"PV31  ";"2004JJ00";"   10753";"   -3214"
"1021";"T001038";"PV31  ";"2005JJ00";"   10051";"   -4324"
"1022";"T001038";"PV31  ";"2006JJ00";"    9857";"   -3877"
"1023";"T001038";"PV31  ";"2007JJ00";"    9458";"   -3440"
"1024";"T001038";"PV31  ";"2008JJ00";"    9401";"    -161"
"1025";"T001038";"PV31  ";"2009JJ00";"    9741";"     625"
"1026";"T001038";"PV31  ";"2010JJ00";"    9620";"    1044"
"1027";"T001038";"PV31  ";"2011JJ00";"    9288";"    1580"
"1028";"T001038";"PV31  ";"2012JJ00";"    9109";"     718"
"1029";"T001038";"PV31  ";"2013JJ00";"    9011";"     159"
"1030";"T001038";"PV31  ";"2014JJ00";"    8841";"      45"
"1031";"T001038";"PV31  ";"2015JJ00";"    8739";"    1406"
"1032";"T001038";"PV31  ";"2016JJ00";"    8994";"    3865"
"1033";"T001038";"PV31  ";"2017JJ00";"    8821";"    2735"
"1034";"T001038";"PV31  ";"2018JJ00";"    8710";"    2158"
"1035";"T001038";"PV31  ";"2019JJ00";"    8668";"    4450"
"1036";"T001038";"PV31  ";"2020JJ00";"    8652";"    3691"
